author,title,description,url,source,content
,De-icer and empty trains to tackle snow disruption,"Staff armed with specialist anti-freeze kits will help clear icy spots on the railway, operators say.",https://www.bbc.com/news/articles/cq6lj0lgpl6o,2024-11-18T21:17:14Z,"Specialist de-icer teams and empty trains will help tackle any possible snow disruption across the north-west of England, rail operators have said.
A yellow weather warning for snow and ice forecast… [+1819 chars]"
,Homes flooded and travel disrupted by Storm Bert,"Heavy wind and rain brings flooding to Dundonald and Coalisland, as well as widespread travel disruption.",https://www.bbc.com/news/articles/c624xe3vx61o,2024-11-23T17:25:03Z,"Homes near Moat Park, Dundonald, were among those affected by the flooding
A number of homes were flooded in counties Down and Tyrone on Saturday following hours of heavy rain and wind caused by Sto… [+7675 chars]"
,Flood warnings across Wales with more rain to come,"More disruption is expected on Sunday as Storm Bert sweeps across Wales, forecasters warn.",https://www.bbc.com/news/articles/c17011dw00ro,2024-11-24T07:56:39Z,"Further heavy rain is likely to cause flooding on Sunday after Storm Bert swept across Wales, forecasters have said.
The Met Office has issued a new weather warning for heavy rain across a large swa… [+1556 chars]"
,Storm Bert: Flood warnings in place after man dies,"Flood warnings and alerts are in place across the UK, as disruption from the storm continues.",https://www.bbc.com/news/articles/cn7mnnmg038o,2024-11-24T08:08:51Z,"Areas in Northern Ireland were affected by flooding on Saturday
Dozens of flood warnings and alerts remain in place across England on Sunday as disruption from Storm Bert continues in many parts of … [+2063 chars]"
,Flood warnings as thousands without power after Storm Darragh,Travel impacts also continue after the storm caused significant disruption over the weekend.,https://www.bbc.com/news/articles/cewx5jd270po,2024-12-09T07:50:57Z,"Tens of thousands of homes remain without power and flood warnings continue in the wake of Storm Darragh. 
Two men died when trees fell on their vehicles in separate incidents during the storm over … [+1905 chars]"
,'Betrayed' farmers take protest to London,"Organisers of Tuesday's protest warn some farmers now ""have nothing to lose"" in causing disruption.",https://www.bbc.com/news/articles/czj71zyy934o,2024-11-19T07:43:47Z,"The National Farmers' Union (NFU) has accused the government of ""betrayal"" as thousands prepare to gather in London for a rally against the planned changes to inheritance tax rules for farms.
""To la… [+5971 chars]"
,Strong wind warnings continue in wake of Storm Darragh,There are four yellow weather warnings for wind after Saturday's storm swept across the UK killing two men.,https://www.bbc.com/news/articles/c0lggrrj950o,2024-12-08T05:21:20Z,"Forecasters say strong winds will continue to batter the UK on Sunday in the wake of Storm Darragh which left two men dead and thousands left without power.
The Met Office has issued four yellow wea… [+2094 chars]"
Grace Eliza Goodwin,Jaguar's rebrand has been criticized as 'woke.' Marketing experts say it's either 'bonkers' — or a genius disruption.,"Jaguar's rebranding marks a radical identity shift for the carmaker. One ad expert called it ""bonkers."" Others said it was a successful disruption.",https://www.businessinsider.com/jaguar-rebrand-successful-controversy-marketing-advertising-woke-2024-12,2024-12-02T09:47:02Z,"Jaguar's new video ad has baffled some people online.Jaguar
<ul><li>Branding experts have mixed reviews on Jaguar's new identity but agree it's a radical change.</li><li>Jaguar's rebranding campaign… [+6385 chars]"
Pete Syme,Luggage chaos at Europe's busiest airport grew so bad that some airline crews were reportedly told not to check bags,"On Tuesday, British Airways told customers on X it faced ""baggage disruption"" due to a fault with London Heathrow's baggage system.",https://www.businessinsider.com/luggage-issue-at-london-heathrow-sees-airline-warn-crews-report-2024-12,2024-12-11T11:09:50Z,"Passengers at London Heathrow Airport.Jordan Pettitt/PA Images via Getty Images
<ul><li>British Airways told customers on X it faced ""baggage disruption"" due to a fault at London Heathrow.</li><li>H… [+2118 chars]"
,Schools shut as snow causes more travel problems,Transport for Wales cancels some trains as weather warning continue.,https://www.bbc.com/news/articles/cj4vpyvrnz7o,2024-11-20T07:56:05Z,"Snow is causing a second day of school closures and travel disruption. 
About 20 schools will be shut on Tuesday in Wrexham, Powys, and Denbighshire.
Meanwhile buses replaced trains between Llandud… [+618 chars]"
,Flights cancelled amid yellow weather warning,"The Met Offices issues a yellow fog warning, which is in place until 08:00 GMT on Thursday.",https://www.bbc.com/news/articles/cze3422rwljo,2024-11-27T18:55:47Z,"Belfast City Airport has warned of some disruption on Wednesday evening 
Belfast City Airport has cancelled the majority of its flights amid a yellow weather warning for fog.
All of Wednesday's rem… [+3377 chars]"
,Red weather alert for Wales as Storm Darragh to hit,Gusts of 90mph or more are possible and people are being warned to look out for flying debris.,https://www.bbc.com/news/articles/cpdnv0556e7o,2024-12-06T10:25:14Z,"Storm Darragh is set to bring extremely strong and damaging winds to much of the country this weekend, forecasters have said. 
A red warning has been issued for the whole of Wales - the highest leve… [+595 chars]"
,"Facebook, Instagram and Whatsapp down in mass Meta outage","Over 22,000 people reported issues with Facebook this evening and over 18,000 struggled to use WhatsApp, according to Downdetector.",https://www.bbc.com/news/articles/c623jr6kxz2o,2024-12-11T20:07:03Z,"Users of Facebook, Instagram, and WhatsApp are reporting difficulties accessing them due to a mass global outage.
""We're aware that a technical issue is impacting some users' ability to access our a… [+1064 chars]"
James Morris,Electric Cars Could Last Much Longer Than You Think,"Rather than having a shorter lifespan than internal combustion engines, EV batteries are lasting way longer than expected, surprising even the automakers themselves.",https://www.wired.com/story/electric-cars-could-last-much-longer-than-most-think/,2024-12-08T12:00:00Z,"We do see variation across different vehicles and models, continues Argue. There are other factors as well. So far, we havent seen a significant impact from high mileage on degradation rates, so you … [+3348 chars]"
Matthew Gault,A Humanities Course at UCLA Will Use an AI-Generated Textbook,AI has come for a market that was ripe for disruption: heavy and expensive college textbooks.,https://gizmodo.com/a-humanities-course-at-ucla-will-use-an-ai-generated-textbook-2000536044,2024-12-09T17:50:34Z,"A comparative literature class at the University of California, Los Angeles will be taught with an AI-generated textbook in 2025. This marks the first time the college will use the system for a Human… [+3492 chars]"
"Nicolas T. Deuschel, Robert Langan, Carlos Rodríguez Gómez-Rico",3 Reasons Change Initiatives Fail — and How to Ensure Yours Succeeds,A step-by-step guide to avoid common pitfalls.,https://hbr.org/2024/12/3-reasons-change-initiatives-fail-and-how-to-ensure-yours-succeeds,2024-12-09T14:00:00Z,"When a major U.S.-based financial institution needed help with an organization-wide transformation, they turned to Debora, a seasoned executive coach and change consultant. The institution was grappl… [+190 chars]"
,Fresh Storm Bert wind warning comes into force,A yellow wind warning comes into effect across Northern Ireland until 18:00 GMT on Sunday.,https://www.bbc.com/news/articles/c6249nkgj4jo,2024-11-24T11:14:32Z,"A yellow wind warning comes into place from 11:00 GMT on Sunday
A yellow warning for high winds from Storm Bert has come into effect across Northern Ireland.
On Saturday, a number of homes in count… [+1909 chars]"
,'We've had more visitors in two days than 30 years',"Residents in Shelf react to ""crazy"" interest after rare bird sighting puts village on national news.",https://www.bbc.com/news/articles/c789v6dg5pdo,2024-11-16T02:14:41Z,"Birdwatchers from the UK descended on the quiet cull-de-sac in Shelf keen to catch a glimpse of the scarlet tanager
When news a rare American songbird had been spotted in a sleepy West Yorkshire cul… [+4920 chars]"
,Pro-Palestinian demonstrators march through London,The Palestine Solidarity Campaign said the event was the 22nd march since the Israel-Gaza conflict began in October 2023.,https://www.bbc.com/news/articles/c04l4qdvgp0o,2024-11-30T16:22:51Z,"Thousands of pro-Palestinian demonstrators have been marching through central London to reiterate their calls for an immediate ceasefire in Gaza.
The march organised by the Palestine Solidarity Camp… [+2581 chars]"
Gizmodo Deals,"Forget the Fenix 8, Amazon Is Offering the Garmin Fenix 7X Pro Sapphire Solar at a Record Low Price","The Garmin Fenix 7X Pro Sapphire Solar is one of the most high-performing, stylish, and sophisticated smartwatches available today.",https://gizmodo.com/forget-the-fenix-8-amazon-is-offering-the-garmin-fenix-7x-pro-sapphire-solar-at-a-record-low-price-2000529288,2024-11-25T12:10:12Z,"The Garmin Fenix 7 series is currently available at unprecedented (and huge) discounts for Black Friday on Amazon. If you were considering buy an advanced multisport GPS smartwatches, now is the perf… [+3542 chars]"
Lucas Ropek,New York Times Tech Guild Ends Strike Without a Deal,The action lasted approximately a week and led to no new contract negotiations.,https://gizmodo.com/new-york-times-tech-guild-ends-strike-without-a-deal-2000523328,2024-11-12T14:40:10Z,"In September, the New York Times Tech Guild authorized a strike against the paper. We are sending Times management a strong message with our vote today, said Kathy Zhang, a Senior Analytics Manager a… [+2668 chars]"
,"Bank Holiday airport chaos made worse by password issue, report says","An air traffic control engineer was unable to fix a major fault from home, a report says.",https://www.bbc.com/news/articles/ce8drx6v0ypo,2024-11-14T17:50:45Z,"More than 2,000 flights were grounded in August 2023
An engineer's password problem hampered efforts to resolve Bank Holiday airport chaos caused by a flight data fault, a report has said.
More tha… [+3067 chars]"
,Storm Bert brings landslide and 82mph gusts,"Ten people were rescued after a landslide near Llangollen, Denbighshire, on Saturday afternoon.",https://www.bbc.com/news/articles/c3wqy0pd5lvo,2024-11-23T17:27:08Z,"A fallen tree on the way into Bala, Gwynedd
Storm Bert is causing disruption across Wales, with weather warnings in place for high winds and heavy rain on Saturday and Sunday.
The Met Office said w… [+2923 chars]"
,Thousands without power as Storm Darragh hits Wales,A red weather warning is in force for many counties across Wales.,https://www.bbc.com/news/articles/cwy3342wdwxo,2024-12-07T07:31:17Z,"Large waves, strong winds and heavy rain batter the coast of Wales
More than 33,000 homes are without power as extreme winds and rain from Storm Darragh sweep across Wales.
A red Met Office weather… [+2625 chars]"
,Doctors call for major incident as hospital 'unsafe',Documents show one patient at Glasgow's Queen Elizabeth University Hospital was left in the back of an ambulance for six hours with a fractured hip.,https://www.bbc.com/news/articles/c1593v2jqpzo,2024-12-03T19:02:42Z,"Patients had to wait outside the Queen Elizabeth University Hospital in ambulances
Senior doctors working at a Glasgow hospital have asked for a 'major incident' to be called this week but had their… [+3741 chars]"
,Teacher who had knife pulled on him gives warning,A teacher who had a knife pulled out on him by a pupil says classroom behaviour is at its worst.,https://www.bbc.com/news/articles/c70e4ypl79yo,2024-12-06T09:42:54Z,"Steve Mitchell said pupil behaviour is at its worst after having a knife pulled out on him in class
A teacher who had a knife pulled out on him by a pupil says classroom behaviour is at its worst in… [+2950 chars]"
cjohnston@businessinsider.com (Chris Johnston),"Ford cuts 4,000 jobs in Europe amid weak demand for EVs and rising competition","The job cuts will mostly affect Germany and the UK. They follow ""significant losses"" in Ford's passenger vehicle operations and an uncertain outlook.",https://www.businessinsider.com/ford-cuts-4000-jobs-europe-weak-ev-demand-rising-competition-2024-11,2024-11-20T14:16:10Z,"Ford said it would cut 4,000 jobs in Europe by the end of 2027 amid rising competition and weaker-than-expected demand for EVs.
The job cuts will mostly affect Germany and the UK after the company s… [+1875 chars]"
Hartley Charlton,Apple Pay to Be Treated Like a Bank With Federal Scrutiny in the U.S.,"The Consumer Financial Protection Bureau (CFPB) has finalized a new rule that will bring Apple Pay and other major digital wallet services under the same oversight as banks.





The CFPB today announced that, effective 30 days after its publication in the Fe…",https://www.macrumors.com/2024/11/21/apple-pay-to-be-treated-like-a-bank/,2024-11-21T13:35:56Z,"The Consumer Financial Protection Bureau (CFPB) has finalized a new rule that will bring Apple Pay and other major digital wallet services under the same oversight as banks.
The CFPB today announced… [+1630 chars]"
,Strategies for Competing with a Tech-Driven Insurgent,London Business School’s Julian Birkinshaw discusses the benefits and drawbacks of four key strategies — and how to decide which one best fits your organization.,https://hbr.org/podcast/2024/12/strategies-for-competing-with-a-tech-driven-insurgent,2024-12-04T13:22:00Z,"HANNAH BATES: Welcome to HBR On Strategy, case studies and conversations with the world’s top business and management experts, hand-selected to help you unlock new ways of doing business.
Looking at… [+26523 chars]"
,Human disruption is driving 'winner' and 'loser' tree species shifts across Brazilian forests,"Fast-growing and small-seeded tree species are dominating Brazilian forests in regions with high levels of deforestation and degradation, a new study shows. This has potential implications for the ecosystem services these forests provide, including the abilit…",https://www.sciencedaily.com/releases/2024/12/241210115438.htm,2024-12-10T16:54:38Z,"Fast-growing and small-seeded tree species are dominating Brazilian forests in regions with high levels of deforestation and degradation, a new study shows.This has potential implications for the eco… [+4651 chars]"
Lucas Ropek,"Billionaire Marc Benioff, Owner of Time, Uses Magazine to Promote His AI Software",Benioff wants you to get excited for the AI revolution.,https://gizmodo.com/billionaire-marc-benioff-owner-of-time-uses-magazine-to-promote-his-ai-software-2000531146,2024-12-01T17:10:28Z,"When he’s not buying up a weird amount of land in Hawaii or forcing his workers back into the office, billionaire Salesforce CEO Marc Benioff is busy promoting the artificial intelligence technology … [+5026 chars]"
Matt Novak,Sweden’s Government-Issued Pamphlet for Surviving War Has a Long History,Russia's invasion of Ukraine has alarmed neighboring countries and Sweden's bringing back its guide to surviving war.,https://gizmodo.com/swedens-government-issued-pamphlet-for-surviving-war-has-a-long-history-2000528093,2024-11-23T16:00:37Z,"Sweden released a new pamphlet for citizens this week with survival tips in case the country ever goes to war. The government-issued publication covers topics like how to stop bleeding, the differenc… [+5418 chars]"
Ben Lovejoy,Tim Cook and 20 other CEOs met China’s premier to discuss potential issues with Trump plans,"Apple CEO Tim Cook and more than 20 other chief execs met China’s premier today to discuss potential trade disruption once Trump takes office in January.



However, the report makes it sound like the meeting didn’t achieve much, with some saying it felt scri…",https://9to5mac.com/2024/11/25/tim-cook-and-20-other-ceos-met-chinas-premier-to-discuss-potential-issues-with-trump-plans/,2024-11-25T15:12:00Z,"Apple CEO Tim Cook and more than 20 other chief execs met China’s premier today to discuss potential trade disruption once Trump takes office in January.
However, the report makes it sound like the … [+2341 chars]"
,Thousands in Northern Ireland still without power after Storm Darragh,NIE Networks says it may be a number of days before all affected customers are reconnected.,https://www.bbc.com/news/articles/c0lgg2l2x75o,2024-12-08T10:48:19Z,"Customers are being told it may be a number of days before they are reconnected
Community assistance centres will open later for the thousands of households who are still without power after Storm D… [+4405 chars]"
,Pubs warn Guinness being limited could 'cripple' their business,Pubs say they're trying to find alternative stouts as wholesalers put limits on how much Guinness they can get.,https://www.bbc.com/news/articles/c4gzwxw4y18o,2024-12-08T16:57:16Z,"Steven Crosbie says he expects people to go from ""bar to bar"" in search of places that are still stocking Guinness if supply shortages reach a head
""If I can't get it in it will probably cripple me.… [+4775 chars]"
Stephen Schenck,"ChatGPT is down, as OpenAI reports major outage","In the second big service disruption of the day, now it's OpenAI's turn to feel the heat as its API and ChatGPT go offline.",https://www.androidauthority.com/openai-outage-3507961/,2024-12-11T23:57:35Z,"<ul><li>OpenAI is currently suffering a widespread outage.</li><li>ChatGPT, Sora, and access to the companys API are all affected.</li></ul>
Today is just not the day to be a major tech player, as m… [+921 chars]"
Lucia Moses,Gary Vaynerchuk doubled his agency's revenue in 5 years. AI could make that growth more difficult in the future.,Serial entrepreneur Gary Vaynerchuk built an ad empire helping companies like PepsiCo master social media. But firms like his have had to diversify.,https://www.businessinsider.com/gary-vaynerchuk-vaynerx-doubled-advertising-agency-revenue-ai-future-2024-12,2024-12-09T09:53:02Z,"Gary Vaynerchuk speaks during his entrepreneurship festival, VeeCon 2024.Chelsea Guglielmino/Getty Images
<ul><li>Gary Vaynerchuk says his company, VaynerX, is set to surpass $300 million in revenue… [+4703 chars]"
Connor Jones,Mega US healthcare payments network restores system 9 months after ransomware attack,"Change Healthcare’s $2 billion recovery is still a work in progress
Still reeling from its February ransomware attack, Change Healthcare confirms its clearinghouse services are back up and running, almost exactly nine months since the digital disruption began…",https://www.theregister.com/2024/11/20/change_healthcares_clearinghouse_services/,2024-11-20T18:01:08Z,"Still reeling from its February ransomware attack, Change Healthcare confirms its clearinghouse services are back up and running, almost exactly nine months since the digital disruption began.
In an… [+4303 chars]"
,What is happening in north-western Syria and why now?,Rebels have captured a swathe of land during their largest offensive against the government in years.,https://www.bbc.com/news/articles/c99x0l1d432o,2024-12-02T18:10:45Z,"HTS and its allies said they launched the offensive to deter aggression by the government
Rebel forces have launched their largest offensive against the Syrian government in years.
They have captur… [+5950 chars]"
Dan Taylor,"Communicating The Impact Of AI On SEO To C-Level via @sejournal, @TaylorDanRW","Turn AI disruption into SEO opportunity. Engage C-levels with insights on trends, strategies, and measurable outcomes.
The post Communicating The Impact Of AI On SEO To C-Level appeared first on Search Engine Journal.",https://www.searchenginejournal.com/communicating-the-impact-of-ai-on-seo-to-c-level/534740/,2024-12-12T12:00:44Z,"AI has emerged as one of the most transformative and disruptive forces in marketing as an industry in a long time, probably the most impactful since the mass adoption of the internet.
It will contin… [+8036 chars]"
Melanie Vásquez Russell,UPS facility fire in Athens under investigation,A large fire broke out at a United Parcel Service (UPS) facility in Athens early Wednesday morning and the company is working with authorities as an...,https://www.wate.com/news/ups-facility-fire-in-athens-under-investigation/,2024-12-04T14:52:26Z,"ATHENS, Tenn. (WATE) A large fire broke out at a United Parcel Service (UPS) facility in Athens early Wednesday morning and the company is working with authorities as an investigation is underway. De… [+1733 chars]"
Zack Zwiezen,Grab 18 Free Amazon Prime Games This Month That You'll Definitely Play One Day,"‘Tis the season for gifts and more gifts, and Amazon is in the gift-giving mood. The company is providing Prime members with 18 free video games this December.Read more...",https://kotaku.com/amazon-prime-gaming-free-games-18-december-2024-steam-1851712727,2024-12-03T22:30:00Z,"Tis the season for gifts and more gifts, and Amazon is in the gift-giving mood. The company is providing Prime members with 18 free video games this December.
Each month, Amazon Prime members can gr… [+1688 chars]"
tmohamed@insider.com (Theron Mohamed),"Putin tells Russians there's no reason to panic as the ruble sinks, but analysts say its economy is in trouble","Vladimir Putin dismissed the ruble's latest tumble, but analysts say falling oil prices and sanctions spell problems for Russia's economy.",https://www.businessinsider.com/russia-ruble-dollar-currency-putin-ukraine-war-economy-inflation-military-2024-11,2024-11-29T12:50:15Z,"Russians shouldn't stress about the ruble tumbling to two-year lows, Vladimir Putin said Thursday. Analysts told Business Insider there was plenty of cause for concern.
The Russian leader told repor… [+3273 chars]"
Simon Sharwood,Supply chain management vendor Blue Yonder succumbs to ransomware,"And it looks like major UK retailers that rely on it are feeling the pinch
US-based supply chain SaaS vendor Blue Yonder has revealed a service disruption caused by ransomware, and its customers are reportedly struggling to get goods onto shelves as a result.…",https://www.theregister.com/2024/11/26/blue_yonder_ransomware/,2024-11-26T01:27:10Z,"US-based supply chain SaaS vendor Blue Yonder has revealed a service disruption caused by ransomware, and its customers are reportedly struggling to get goods onto shelves as a result.
The vendor la… [+2109 chars]"
Lara O'Reilly,The $13 billion Omnicom-IPG megamerger reflects a new era as Big Tech and AI upend the ad industry,"The deal to create the world's biggest ad-agency company reflects a challenged sector and the importance of scale, data, and AI to remain competitive.",https://www.businessinsider.com/omnicom-ipg-deal-signals-major-shift-ad-agency-market-2024-12,2024-12-09T14:14:55Z,"Omnicom CEO John Wren.Getty Images
<ul><li>Omnicom and Interpublic Group plan a $13.25 billion merger that would create the world's largest ad-agency company.</li><li>Industry insiders say the deal … [+6871 chars]"
,"Adobe Gives Tepid Sales Outlook, Stoking AI Disruption Fears",,https://consent.yahoo.com/v2/collectConsent?sessionId=1_cc-session_b6f56d9a-90f5-4b23-aa44-f9a025abd63f,2024-12-11T21:38:21Z,"If you click 'Accept all', we and our partners, including 237 who are part of the IAB Transparency &amp; Consent Framework, will also store and/or access information on a device (in other words, use … [+678 chars]"
,Cheap dates and close contact: How people are falling in love on climbing walls,Climbers say they didn't start bouldering to find a partner - but it ended up happening along the way.,https://www.bbc.com/news/articles/cj4vre2j4qqo,2024-12-07T00:48:28Z,"Kellie and Jack met at the Climbing Depot in Sheffield
Megumi and Gordon McKillop didn't meet on a dating app, or at work, or through a mutual friend.
Instead, they met when Megumi was attempting a… [+7592 chars]"
Chris Oberholtz,Drone video shows New York town buried after thundersnow jolts region with over 4 feet of snow,"A historic winter storm, fueled by powerful lake-effect snow, has crippled portions of western and northern New York.",https://www.foxweather.com/extreme-weather/thundersnow-copenhagen-watertown-ny-snow,2024-12-02T17:19:05Z,"Yahoo is using AI to generate takeaways from this article. This means the info may not always match what's in the article. Reporting mistakes helps us improve the experience.Generate Key Takeaways
C… [+2283 chars]"
Sarah Fortinsky,Mexico’s president on Trump threat: ‘One tariff would be followed by another in response’,"Mexican President Claudia Sheinbaum threatened to retaliate with her own tariffs against the United States, after President-elect Trump suggested he would...",https://thehill.com/business/trade/5010164-mexico-threatens-tariffs-us/,2024-11-26T16:40:29Z,"Yahoo is using AI to generate takeaways from this article. This means the info may not always match what's in the article. Reporting mistakes helps us improve the experience.Generate Key Takeaways
M… [+2469 chars]"
,Gaza aid supply goes from ‘bad to worse’ after Israel misses US deadline,Palestinians are forced to queue for hours for food they say is scarce due to Israel’s disruption of aid to the enclave.,https://www.aljazeera.com/program/newsfeed/2024/11/14/gaza-aid-supply-goes-from-bad-to-worse-after-israel-misses-us-deadline,2024-11-14T12:46:42Z,"NewsFeed
Palestinians are forced to queue for hours for food they say is scarce due to Israels disruption of aid to the enclave, despite the US setting a deadline for the military to improve the con… [+7 chars]"
,Seoul blanketed by heaviest November snow on record,"At least one person is reported to have died as a result of the weather, which has also grounded flights.",https://www.bbc.com/news/articles/cpqdgw7lzw0o,2024-11-27T12:51:18Z,"Seoul has recorded its heaviest November snowfall since records began over a century ago in 1907.
The South Korean capital was covered with at least 16 cm of snow on Wednesday - beating the city's p… [+1001 chars]"
Michael Nuñez,Pin thinks AI can fix recruitment’s biggest problems — and it has the numbers to prove it,"Pin emerges from stealth with $3M funding to transform AI-powered recruitment, achieving 70% candidate match rates and reducing hiring time from 60 days to two weeks through proprietary machine learning models.",https://venturebeat.com/ai/pin-thinks-ai-can-fix-recruitments-biggest-problems-and-it-has-the-numbers-to-prove-it/,2024-12-12T11:00:00Z,"Join our daily and weekly newsletters for the latest updates and exclusive content on industry-leading AI coverage. Learn More
Pin, an artificial intelligence-powered recruitment platform that autom… [+3241 chars]"
Reuters,Starbucks faces disruptions following ransomware attack on software supplier,The coffee giant said that an outage at a third-party vendor has disrupted a back-end Starbucks process that enables employee scheduling and time tracking.  ...,https://finance.yahoo.com/news/starbucks-faces-disruptions-following-ransomware-201734823.html,2024-11-25T20:17:34Z,"(Reuters) - Starbucks said the aftermath of a ransomware attack on a software supplier has been affecting its ability to pay baristas and manage their schedules, the company's spokesperson said on Mo… [+724 chars]"
Jacques Schuster,Frankreich erlebt Weimarer Verhältnisse,Die Vorgänge um das Ende der Regierung in Frankreich erinnern an die politischen Grabenkämpfe in der Weimarer Republik. Nun folgt die Unregierbarkeit. Das Beispiel zeigt einmal mehr: Disruption um der Disruption willen ist ein Spiel mit dem Feuer.,https://www.welt.de/debatte/kommentare/article254788312/Regierungskrise-Frankreich-erlebt-Weimarer-Verhaeltnisse.html,2024-12-06T14:32:56Z,"In Frankreich hat eine üble Verbindung aus linken und rechten Egomanen die Regierung und damit das Land in eine tiefe Krise gestürzt. Es kamen zwei Kräfte zusammen, die nur im Kampf gegen die Mitte g… [+1441 chars]"
Srishti Mitra,"Vaulted Tiny Home Seems To Float Above The Ground, While Seamlessly Merging Indoors & Outdoors","Vaulted Tiny Home Seems To Float Above The Ground, While Seamlessly Merging Indoors & OutdoorsStudio Tololo Ugarte designed a luxurious and sophisticated vaulted tiny home called the Catalejo. Catalejo translates to Spyglass, and the home is heavily inspired …",https://www.yankodesign.com/2024/12/03/vaulted-tiny-home-seems-to-float-above-the-ground-while-seamlessly-merging-indoors-outdoors/,2024-12-03T14:20:17Z,"Studio Tololo Ugarte designed a luxurious and sophisticated vaulted tiny home called the Catalejo. Catalejo translates to Spyglass, and the home is heavily inspired by the surrounding landscape. The … [+2168 chars]"
ldodgson@insider.com (Lindsay Dodgson),Trump's election victory put TikTok's astrology community into a meltdown,"Astrologers on TikTok, who foresaw a Harris victory, face backlash and trust issues after Trump's re-election challenged their predictions.",https://www.businessinsider.com/trump-victory-put-tiktoks-astrology-community-into-a-meltdown-2024-11,2024-11-13T13:55:47Z,"The astrology community on TikTok is mighty, but trust in the stars has wavered over the past week.
Many popular astrology creators predicted that Kamala Harris would win the 2024 election. However,… [+5197 chars]"
Judy Sanhz,This cybersecurity disaster made Google’s top 10 searches of 2024,Google Year in Search 2024 list included the calamitous CrowdStrike incident that led to the largest IT outage ever.,https://www.digitaltrends.com/computing/crowdstrikes-fiasco-makes-it-to-googles-top-10-searches/,2024-12-10T21:01:15Z,"Google recently released its Year in Search 2024, with a wide range of different topics reaching the top 10. Among major events like the Olympics and the U.S. presidential election is one name you ma… [+1818 chars]"
Brice Haziza,Actualité : Vers une annulation d'Artemis pour envoyer directement l'Homme sur Mars grâce au Starship ?,"La disruption serait-elle en marche dans le programme spatial des États-Unis ? Depuis l'élection de Donald Trump et la nomination d'Elon Musk à son cabinet, de plus en plus de rumeurs s'attaquent au programme lunaire étasunien. Il serait trop coûteux pour que…",https://www.lesnumeriques.com/astronomie-conquete-spatiale/vers-une-annulation-d-artemis-pour-envoyer-directement-l-homme-sur-mars-grace-au-starship-n228938.html,2024-11-18T07:39:00Z,"L'arrivée d'Elon Musk dans l'équipe du président Trump laisse entrevoir une nouvelle politique spatiale américaine et des objectifs redéfinis.
© Générée sur Bing Creator par Brice Haziza
Artemis a … [+5349 chars]"
Ivana Kottasová,Mystery fault takes out undersea internet cable between Germany and Finland,"An unexplained fault in an undersea telecommunications cable linking Finland and Germany has disrupted communication services, the company that runs the link said Monday.",https://www.cnn.com/2024/11/18/europe/undersea-cable-disrupted-germany-finland-intl/index.html,2024-11-18T14:31:17Z,"An unexplained fault in an undersea telecommunications cable linking Finland and Germany has disrupted communication services, the company that runs the link said Monday.
The C-Lion1 cable that conn… [+1483 chars]"
,Iranian rapper freed after after death sentence overturned,Toomaj Salehi was arrested and later sentenced to death after supporting anti-government protests.,https://www.bbc.com/news/articles/cx269dr42vko,2024-12-02T11:17:28Z,"An Iranian rapper who was sentenced to death for supporting anti-government protests has been released from prison after two years.
Toomaj Salehi was arrested in October 2022 after publicly supporti… [+1579 chars]"
EditorDavid,'Hour of Code' Cartoon Includes a Shout-Out to AI,"Nonprofit Code.org has posted this year's cartoon for ""Hour of Code,"" their annual learn-to-code event for schoolchildren. 

Long-time Slashdot reader theodp notes its animated pigeon gives a shout-out to the AI that could ultimately replace programmers:

In …",https://news.slashdot.org/story/24/11/30/2343244/hour-of-code-cartoon-includes-a-shout-out-to-ai,2024-12-01T16:34:00Z,"This post wasnâ(TM)t written by AI, I promise, but the first disruption on my list is AI commenting. If Slashdot stories are more interesting with astute or funny comments, then while not have AI mak… [+3785 chars]"
ASSOCIATED PRESS,Macy’s Thanksgiving Day Parade Interrupted by Protests Leading to Multiple Arrests,"The Macy's Thanksgiving Day Parade marched into its second century on Thursday, but it wasn't without its interruptions.",https://time.com/7198971/macys-thanksgiving-day-parade-2024-protests-arrests/,2024-11-28T18:37:25Z,"NEW YORK The Macy's Thanksgiving Day Parade marched, soared and roared into its second century on Thursday despite a drenching rain and a brief disruption from pro-Palestinian demonstrators.
New Yor… [+3176 chars]"
Dan DeFrancesco,"Insider Today: Bernie talks Elon, RFK Jr.","In this Saturday edition of Insider Today, we're talking about Bernie Sanders' plans to work with Elon Musk and Robert F. Kennedy, Jr.",https://www.businessinsider.com/insider-today-bernie-sanders-elon-musk-rfk-jr-2024-12,2024-12-08T11:37:01Z,"Tom Williams/Getty,The Washington Post/Getty,Jason Mendez/Getty, Tyler Le/BI
<ul><li>This post originally appeared in the Insider Today newsletter.</li><li>You can sign up for Business Insider's dai… [+5859 chars]"
Ana Altchek,Marc Andreessen talks DOGE and Elon Musk: 'It's time to carve this government back in size and scope',Marc Andreessen pointed to Elon Musk's text to Twitter's old CEO as an example of how federal workers could be held accountable for their time.,https://www.businessinsider.com/marc-andreessen-joe-rogan-podcast-elon-musk-doge-government-2024-11,2024-11-27T17:45:22Z,"Marc Andreessen spoke about DOGE in an interview with Joe Rogan published on Tuesday.Steve Jennings/Getty
<ul><li>Marc Andreessen discussed Elon Musk and the Department of Government Efficiency on J… [+4151 chars]"
Lara O'Reilly,What the Omnicom-IPG deal means for workers across the global ad industry,Opportunistic rivals are likely to pounce for the best clients and talent. Workers are advised to brush up their skillsets in areas like AI and data.,https://www.businessinsider.com/what-ad-industry-workers-can-expect-from-omnicom-ipg-deal-2024-12,2024-12-09T19:10:52Z,"Omnicom CEO John Wren and IPG Philippe Krakowsky announced on Monday the merger of their companies. Wren will continue to lead the new, larger Omnicom.Omnicom
<ul><li>The Omnicom-IPG mega-merger wil… [+5883 chars]"
"Jesse Kessenheimer, Jesse Kessenheimer","'Ring ring! Here's me on your off day!': Employee bothers their boss with trivial work matters on their day off to prove a point about office hours, earning uninterrupted weekends for 2 years","Weekends are sacred, so this employee drew a hard line in the sand with their micromanaging boss after getting pestered on her off days. 
Have you ever dreamed about work? Taking your work home with you–even in the corners of your subconscious–feels like suc…",https://cheezburger.com/37907973/ring-ring-heres-me-on-your-off-day-employee-bothers-their-boss-with-trivial-work-matters-on-their,2024-11-23T18:00:00Z,"Weekends are sacred, so this employee drew a hard line in the sand with their micromanaging boss after getting pestered on her off days. 
Have you ever dreamed about work? Taking your work home with… [+820 chars]"
Mark Ogden,Saudi Arabia set to host winter World Cup in 2034,"Saudi Arabia is set to stage a winter World Cup in 2034 after a FIFA evaluation report highlighted the likelihood of the competition being played ""between October-April.""",https://www.espn.com/soccer/story/_/id/42691282/saudi-arabia-set-host-winter-world-cup-2034,2024-11-30T13:31:11Z,"Saudi Arabia is set to stage a winter World Cup in 2034 after a FIFA evaluation report for the sole bidder for the tournament highlighted the likelihood of the competition being played ""between Octob… [+2642 chars]"
Trevor Mogg,Space station video shows ‘cosmic fireflies’ high above Earth,Space station astronaut Don Pettit has captured footage of what he describes as 'cosmic fireflies.',https://www.digitaltrends.com/space/iss-starlink-cosmic-fireflies/,2024-12-02T01:50:01Z,"On his fourth trip to orbit, NASA astronaut Don Pettit has been sharing some wonderful imagery captured from the International Space Station (ISS) since his arrival there in September.
His latest ef… [+2440 chars]"
Brittany Vincent,The Dyson Purifier That Doubles as a Heater and Fan Is an Amazon’s Best Black Friday Deal,"This package includes a bonus filter, so you're all set to use the unit for a longer period as soon as you unbox it.",https://gizmodo.com/the-dyson-purifier-that-doubles-as-a-heater-and-fan-is-an-amazons-best-black-friday-deal-2000531476,2024-11-28T20:00:14Z,"If you want to improve the air quality in your home, Dyson is a trusted name to help you do just that. The brand, which you might know more for its vacuum cleaners, has created a solution that combin… [+2149 chars]"
Madeline Fitzgerald,The rich are ditching hotels. Here's why,"In 2024, the luxuries industry has seen a noticeable decline from the post-pandemic boom: inflation, political instability, and economic disruption mean that consumers are tightening their metaphorical belts and not spending nearly as much on real life design…",https://qz.com/rich-wealthy-hotels-homestays-experiences-1851709578,2024-12-09T10:00:00Z,"In This Story
In 2024, the luxuries industry has seen a noticeable decline from the post-pandemic boom: inflation, political instability, and economic disruption mean that consumers are tightening t… [+5033 chars]"
,Malaysia government told to return seized LGBT watches,"A court ruled the government, which said the watches had ""LGBT elements"", did not have authority to seize them.",https://www.bbc.com/news/articles/c245jrdpmjgo,2024-11-25T12:18:44Z,"Authorities took 172 watches from Swatch shops in May 2023 
A Malaysian court has ordered the country's government to return 172 rainbow-coloured watches it seized from watchmaker Swatch last year. … [+2251 chars]"
hbullock@insider.com (Hallam Bullock),The Omnicom-IPG megamerger signals a new era for the ad industry,"Omnicom Group is merging with Interpublic Group, creating a bigger base to deploy data and technology.",https://www.businessinsider.com/omnicom-acquires-interpublic-group-ad-sector-under-threat-2024-12,2024-12-10T16:37:38Z,"Hello. Luigi Mangione, a 26-year-old Ivy League graduate, has been charged with murder in the fatal shooting of UnitedHealthcare CEO Brian Thompson.
Mangione was arrested in Pennsylvania on Monday a… [+6590 chars]"
ZEIT ONLINE: Deutschland - Peter Dausend,Olaf Scholz: Olove,"Olaf Scholz ist bei den Wählern untendurch, aber keineswegs chancenlos. Er könnte versuchen, den Besonnenen im Ukrainekrieg zu spielen – und seine Reputation zerstören.",https://www.zeit.de/2024/50/olaf-scholz-spd-kanzlerkandidat-wahlkampf-frieden,2024-11-28T13:58:02Z,"Bei seiner Präsentation als frisch (na ja, frisch!) nominierter Kanzlerkandidat der SPD unternahm Olaf Scholz zu Wochenbeginn einen ebenso interessanten wie etwas missglückten Versuch: Die Polykrise … [+702 chars]"
Will Stone,"After a break from strength training, muscle memory may help you bounce back","If the season or an injury has derailed your gym routine, don't sweat it. New research shows your muscles can regain lost strength faster than you might think.",https://www.npr.org/sections/shots-health-news/2024/11/25/nx-s1-5197829/muscle-memory-weight-lifting-lost-strength,2024-11-26T12:00:47Z,"If you've let your workout routine slide, the first time back in the gym can be a humbling experience. Your shoulders quake and quads tremble at what were once easy lifts.
Luckily, research suggests… [+6348 chars]"
Cem-Odos Güler,Rücktrittsforderungen gegen Lindner: Der FDP-Chef wünscht sich Disruption,Lindner will eine neue Politik. Sein Generalsekretär steht vor großen Herausforderungen – denn an der Parteibasis gibt es Rücktrittsforderungen.,https://taz.de/Ruecktrittsforderungen-gegen-Lindner/!6049990/,2024-12-02T16:40:00Z,Lindner will eine neue Politik. Sein Generalsekretär steht vor großen Herausforderungen – denn an der Parteibasis gibt es Rücktrittsforderungen. mehr...
Alice Tecotzky,The fight over Jerome Powell puts Elon Musk at odds with Wall Street,"The markets are a strong counter to Musk's influence and Trump's inclination to undermine the Federal Reserve, Wall Streeters told BI.",https://www.businessinsider.com/elon-musk-jerome-powell-wall-street-donald-trump-federal-reserve-2024-11,2024-11-15T09:01:02Z,"Elon Musk has signaled support for undercutting Fed independence, setting off quiet alarm bells on Wall Street.Getty Images
<ul><li>Elon Musk signaled support for eroding the independence of the Fed… [+7022 chars]"
Grace Eliza Goodwin,Jaguar releases a concept for its new EV model after a controversy over its rebranding — which didn't feature a car,"Jaguar has unveiled its ""Type 00"" concept car after a controversial rebranding campaign some critics called ""woke."" It's moving to an all EV lineup.",https://www.businessinsider.com/jaguar-releases-concept-car-after-controversial-rebranding-campaign-woke-2024-12,2024-12-03T01:01:02Z,"Jaguar debuted a concept car ahead of its all-electric vehicle lineup, seen here in ""Miami Pink"" and ""London Blue.""Jaguar
<ul><li>Jaguar unveiled the first concept car as part of its newly rebranded… [+6474 chars]"
Chris Johnston,Trump's Treasury Secretary: The best commentary about who the president-elect should nominate,"Scott Bessent, Howard Lutnick, Marc Rowan and Kevin Warsh are in the running for Treasury Secretary. Here is some of the best analysis of who Trump might pick.",https://www.businessinsider.com/treasury-secretary-trump-picks-best-views-lutnick-bessent-rowan-warsh-2024-11,2024-11-18T17:17:40Z,"Donald Trump has not yet decided who his Treasury Secretary will be.Allison Robbert/Getty Images
<ul><li>Donald Trump is yet to announce his pick for Treasury Secretary.</li><li>Names in the frame i… [+7198 chars]"
Connor Jones,Ransom gang claims attack on NHS Alder Hey Children's Hospital,"Second alleged intrusion on English NHS org systems this week
Yet another of the UK's National Health Service (NHS) systems appears to be under attack, with a ransomware gang threatening to leak stolen data it says is from one of England's top children's hosp…",https://www.theregister.com/2024/11/29/inc_ransom_alder_hey_childrens_hospital/,2024-11-29T12:24:46Z,"Yet another of the UK's National Health Service (NHS) systems appears to be under attack, with a ransomware gang threatening to leak stolen data it says is from one of England's top children's hospit… [+3205 chars]"
"Kate Duchene, Contributor, 
 Kate Duchene, Contributor
 https://www.forbes.com/sites/kateduchene/",3 Long-Term Shifts Behind The Consulting Industry’s Massive Evolution,"The consulting industry is facing massive disruption driven by AI and digital transformation, the evolving role of consultants, and ongoing skill gaps.",https://www.forbes.com/sites/kateduchene/2024/11/19/3-long-term-shifts-behind-the-consulting-industrys-massive-evolution/,2024-11-19T16:08:34Z,"The consulting industry is facing massive disruption driven by growing AI and digital transformation ... [+] investment, changing views on the role consultants play, and the challenges employers cont… [+4829 chars]"
Ulf Poschardt,Mit Donald Trump beginnt die Disruption den Marsch durch die Institutionen,"Der designierte US-Präsident stellt ein Kabinett zusammen, das kompromissloser und entschiedener nicht sein kann. Wenn er scheitert, gibt es keine Ausreden, am Ende gilt nur der Erfolg. Die deutsche Politik kann sich davon etwas abschauen.",https://www.welt.de/debatte/kommentare/plus254529956/USA-Mit-Donald-Trump-beginnt-die-Disruption-den-Marsch-durch-die-Institutionen.html,2024-11-15T11:22:22Z,"Der designierte US-Präsident stellt ein Kabinett zusammen, das kompromissloser und entschiedener nicht sein kann. Wenn er scheitert, gibt es keine Ausreden, am Ende gilt nur der Erfolg. Die deutsche … [+39 chars]"
"Adrian Swinscoe, Contributor, 
 Adrian Swinscoe, Contributor
 https://www.forbes.com/sites/adrianswinscoe/",How One Entrepreneur Used Customer Service To Disrupt A Traditional Industry,Many traditional business sectors are ripe for disruption. Here's a story of how one entrepreneur is taking on a traditional sector and is winning.,https://www.forbes.com/sites/adrianswinscoe/2024/11/19/how-one-entrepreneur-used-customer-service-to-disrupt-a-traditional-industry/,2024-11-19T18:55:20Z,"Recently, I had the pleasure of speaking to Voyo Popovic, the founder and CEO of Piece of Cake, a fast-expanding moving company headquartered out of New York.
Before establishing Piece of Cake seven… [+4840 chars]"
Linzi Lima - BBC News NI,Twin sisters with heart failure cannot get same treatment due to where they live,"Nicole and Farrah live just 32 miles from each other in Northern Ireland, but are in different health trusts.",https://www.bbc.com/news/articles/ced9wpqdj10o?xtor=AL-72-%5Bpartner%5D-%5Byahoo.north.america%5D-%5Bheadline%5D-%5Bnews%5D-%5Bbizdev%5D-%5Bisapi%5D,2024-11-17T16:33:40Z,"Yahoo is using AI to generate takeaways from this article. This means the info may not always match what's in the article. Reporting mistakes helps us improve the experience.Generate Key Takeaways
T… [+5734 chars]"
CURT ANDERSON,St. Petersburg council rejects immediate repair to Rays' ballpark roof after first giving approval,The St. Petersburg City Council reversed course Thursday on whether to spend more than $23 million to repair the hurricane-shredded roof of the Tampa Bay...,https://www.yahoo.com/news/st-petersburg-council-approves-23m-221831092.html,2024-11-21T22:18:31Z,"Yahoo is using AI to generate takeaways from this article. This means the info may not always match what's in the article. Reporting mistakes helps us improve the experience.Generate Key Takeaways
S… [+4329 chars]"
Jonathan Brown,Liam Payne May Have Been Trying To 'Escape' Hotel When He Fell To His Death,New reports from the investigation of Liam Payne's death are claiming the singer may have been 'trying' to escape from his hotel balcony.,https://www.yahoo.com/entertainment/liam-payne-may-trying-escape-160009544.html,2024-11-25T16:00:09Z,"Singer Liam Payne may have been trying to escape the hotel room via the balcony from which he fell to his death.
New reports surrounding the One Direction alums tragic passing in October have starte… [+4154 chars]"
CURT ANDERSON,St. Petersburg council rejects immediate repair to Rays' ballpark roof after first giving approval,The St. Petersburg City Council reversed course Thursday on whether to spend more than $23 million to repair the hurricane-shredded roof of the Tampa Bay...,https://sports.yahoo.com/st-petersburg-council-approves-23m-221831092.html,2024-11-21T22:18:31Z,"ST. PETERSBURG, Fla. (AP) The St. Petersburg City Council reversed course Thursday on whether to spend more than $23 million to repair the hurricane-shredded roof of the Tampa Bay Rays' ballpark, ini… [+4130 chars]"
info@hypebeast.com (Hypebeast),Roham Shamekh to Debut 'Pharrell's Echoes' at Design Miami,"Dubai-based designer Roham Shamekh is set to debut his latest collection Pharrell’s Echoes at this year's edition of Design Miami, running from December 4 through 8. The series of sculptural pieces reimagines the canonical theme of the last judgment with a mo…",https://hypebeast.com/2024/11/roham-shamekh-pharrells-echoes-collection-design-miami,2024-11-20T19:24:29Z,"Dubai-based designer Roham Shamekh is set to debut his latest collection Pharrells Echoes at this year’s edition of Design Miami, running from December 4 through 8. The series of sculptural pieces re… [+1250 chars]"
Todd Feathers,WPEngine Wins Injunction in ‘War’ With WordPress Creator,The hosting and plugin company sued WordPress co-creator Matt Mullenweg alleging he interfered with its customers and restricted its access to wordpress.org.,https://gizmodo.com/wpengine-wins-injunction-in-war-with-wordpress-creator-2000537329,2024-12-11T19:25:49Z,"The popular WordPress hosting and plugin company WPEngine won a substantial, albeit preliminary, court victory on Tuesday against WordPress co-creator Matt Mullenweg, who had been waging a “scorched … [+3323 chars]"
jillg366,"OpenAI’s Sam Altman Warns Of Rapid Disruption From “Superintelligence”, Talks Elon Musk, New Models For Content Creators","CEO of ChatGPT parent OpenAI Sam Altman said he expects the economic disruption caused by artificial intelligence “to take a little longer than people think but then be more intense than people think,” hitting a slightly ominous note at the New York Times Dea…",http://deadline.com/2024/12/openai-sam-altman-disruption-superintelligence-elon-musk-new-york-times-1236193818/,2024-12-04T16:39:20Z,"CEO of ChatGPT parent OpenAISam Altman said he expects the economic disruption caused by artificial intelligence “to take a little longer than people think but then be more intense than people think,… [+1746 chars]"
"Marcus Fowler, Forbes Councils Member, 
 Marcus Fowler, Forbes Councils Member
 https://www.forbes.com/councils/forbestechcouncil/people/marcusfowler/",The Show Must Go On: Defending Large-Scale Sporting Events From Cyber Disruption,Security teams must ensure they are prepared to protect game days against known and unknown threats.,https://www.forbes.com/councils/forbestechcouncil/2024/12/04/the-show-must-go-on-defending-large-scale-sporting-events-from-cyber-disruption/,2024-12-04T13:30:00Z,"Marcus Fowler is SVP of Strategic Engagements and Threats at Darktrace and CEO of Darktrace Federal.
getty
As fall sports kicks into high gear, fans nationwide eagerly anticipate game day, hoping t… [+6743 chars]"
ZEIT ONLINE: Deutschland - Larissa Kögl,FDP: Leutheusser-Schnarrenberger kritisiert Linders Lob für Milei und Musk,"In der ARD-Sendung Caren Miosga sagte FDP-Chef Christian Lindner, man müsse ""mehr Milei oder Musk wagen"". Eine frühere FDP-Ministerin nennt seine Aussagen ""indiskutabel"".",https://www.zeit.de/politik/deutschland/2024-12/lindner-kritik-aussage-milei-musk-leutheusser-schnarrenberger,2024-12-03T15:47:39Z,Die ehemalige FDP-Justizministerin Sabine Leutheusser-Schnarrenberger hat Kritik an Äußerungen von Parteichef Christian Lindner zum argentinischen Präsidenten Javier Milei und Tech-Konzernchef Elon M… [+1066 chars]
"Shelli Brunswick, Forbes Councils Member, 
 Shelli Brunswick, Forbes Councils Member
 https://www.forbes.com/councils/forbestechcouncil/people/shellibrunswick/",Navigating Disruption In 2025: Space-Inspired AI And Cybersecurity Strategies For Boards,"As we move into 2025, boards must embrace a forward-looking approach to navigate our rapidly shifting world's distinct challenges and unprecedented opportunities.",https://www.forbes.com/councils/forbestechcouncil/2024/12/05/navigating-disruption-in-2025-space-inspired-ai-and-cybersecurity-strategies-for-boards/,2024-12-05T15:15:00Z,"Shelli Brunswick is CEO &amp; Founder of SB Global LLC and an international keynote speaker on tech used for the betterment of humanity.
getty
In 2025, disruption is not just a possibilityits a cer… [+7422 chars]"
"Feon Ang, Brand Contributor, 
 Feon Ang, Brand Contributor
 https://www.forbes.com/sites/linkedin-apac/people/feonang/",Leading Through Disruption: Why 2025 Will Demand A New Playbook For Change,"As I reflect on 2024 and look ahead to the new year, one thing is clear: we're in the midst of significant change, redefining how we work and collaborate.",https://www.forbes.com/sites/linkedin-apac/2024/12/09/leading-through-disruption-why-2025-will-demand-a-new-playbook-for-change/,2024-12-09T13:48:06Z,"By Feon Ang, Vice President, LinkedIn Talent Solutions and Managing Director, APAC 
LinkedIn
As I reflect on 2024 and look ahead to the new year, one thing is clear: we're in the midst of significa… [+6405 chars]"
"Dr Guenther Dobrauz-Saldapenna, Forbes Councils Member, 
 Dr Guenther Dobrauz-Saldapenna, Forbes Councils Member
 https://www.forbes.com/councils/forbesbusinesscouncil/people/guentherdobrauzsaldapenna/",Reimagining Venture Capital In The Age Of Exponential Technology And Big Bang Disruption,"By adapting to the realities of faster innovation cycles and decentralized growth, early-stage venture funds can position themselves at the forefront of tomorrow's economy.",https://www.forbes.com/councils/forbesbusinesscouncil/2024/12/06/reimagining-venture-capital-in-the-age-of-exponential-technology-and-big-bang-disruption/,2024-12-06T12:45:00Z,"Dr Guenther Dobrauz-Saldapenna is a Partner at venture capital house exelixis capital Ltd. and of family office Dobrauz-Saldapenna 1858 Ltd.
getty
The venture capital landscape is evolving rapidly,… [+7379 chars]"
Joe Supan,My Hands-On Experience With AT&T Internet Air: Here's What I Learned,"The speeds of AT&T's 5G fixed wireless service were significantly lower than advertised, but it's still worth trying if your options are limited.",https://www.cnet.com/home/internet/my-hands-on-experience-with-at-t-internet-air-heres-what-i-learned/,2024-11-27T01:31:00Z,"I often say that the best internet service is the one you never notice. With steady buffering and long load times, AT&amp;T Internet Air never let me forget that I was using it. 
I have as friendly … [+8919 chars]"
,[Removed],[Removed],https://removed.com,2024-11-15T07:20:08Z,[Removed]
Rhett Jones,Formaldehyde Causes More Cancer Than Any Other Toxic Air Pollutant. Little Is Being Done to Curb the Risk,Companies use formaldehyde for everything from making furniture to sterilizing food. Industry has repeatedly thwarted government efforts to limit its health risks.,https://gizmodo.com/formaldehyde-causes-more-cancer-than-any-other-toxic-air-pollutant-little-is-being-done-to-curb-the-risk-2000535569,2024-12-08T12:00:31Z,"In a world flush with hazardous air pollutants, there is one that causes far more cancer than any other, one that is so widespread that nobody in the United States is safe from it.It is a chemical so… [+25088 chars]"
,Repairing the World with Disruption,"We Americans have three political tendencies. First, there is “struggle.” Just before the election Sen. Bernie Sanders (I-VT) said:


If Donald Trump is elected, the struggle against climate change is over.


Interesting how, in Ber...",https://www.americanthinker.com/articles/2024/11/repairing_the_world_with_disruption.html,2024-11-19T05:00:00Z,"We Americans have three political tendencies. First, there is “struggle.” Just before the election Sen. Bernie Sanders (I-VT) said:
If Donald Trump is elected, the struggle against climate change is… [+4933 chars]"
Friederike Haupt,Kommentar zum „D-Day“-Papier: Die Widersprüche der FDP,Christian Lindner wird selbst in den eigenen Reihen kritisiert. Kann die Hoffnung auf eine schwarz-gelbe Koalition die FDP über die Fünf-Prozent-Hürde hieven?,https://www.faz.net/aktuell/politik/nach-dem-d-day-papier-die-widersprueche-der-fdp-110151311.html,2024-12-05T08:35:04Z,"Die FDP erklärt sich der Öffentlichkeit derzeit weit unter Niveau. Das spiegelt sich auch in Stimmen aus den eigenen Reihen, die davon sprechen, sie seien von ihrer Partei getäuscht worden (die Vorsi… [+4018 chars]"
Mark Mann-Bryans,How “a commitment to disruption” has bonded Red Bull and Castore,"Max Verstappen. Ben Stokes. Andy Murray. Adam Peaty. The all-conquering 2023/24 Bundesliga champions Bayer Leverkusen. Just some of the top names who adorn sportswear produced by Castore – a company born on Merseyside in 2015.The brothers behind the label, To…",https://www.autosport.com/f1/news/how-a-commitment-to-disruption-has-bonded-red-bull-and-castore/10674177/,2024-11-19T17:19:45Z,Max Verstappen. Ben Stokes. Andy Murray. Adam Peaty. The all-conquering 2023/24 Bundesliga champions Bayer Leverkusen. Just some of the top names who adorn sportswear produced by Castore a company bo… [+5075 chars]
